ticker,url
MMM,https://www.sec.gov/cgi-bin/browse-edgar?CIK=MMM&action=getcompany
ABT,https://www.sec.gov/cgi-bin/browse-edgar?CIK=ABT&action=getcompany
ABBV,https://www.sec.gov/cgi-bin/browse-edgar?CIK=ABBV&action=getcompany
ACN,https://www.sec.gov/cgi-bin/browse-edgar?CIK=ACN&action=getcompany
ATVI,https://www.sec.gov/cgi-bin/browse-edgar?CIK=ATVI&action=getcompany
AYI,https://www.sec.gov/cgi-bin/browse-edgar?CIK=AYI&action=getcompany
ADBE,https://www.sec.gov/cgi-bin/browse-edgar?CIK=ADBE&action=getcompany
AMD,https://www.sec.gov/cgi-bin/browse-edgar?CIK=AMD&action=getcompany
AAP,https://www.sec.gov/cgi-bin/browse-edgar?CIK=AAP&action=getcompany
AES,https://www.sec.gov/cgi-bin/browse-edgar?CIK=AES&action=getcompany
AET,https://www.sec.gov/cgi-bin/browse-edgar?CIK=AET&action=getcompany
AMG,https://www.sec.gov/cgi-bin/browse-edgar?CIK=AMG&action=getcompany
AFL,https://www.sec.gov/cgi-bin/browse-edgar?CIK=AFL&action=getcompany
A,https://www.sec.gov/cgi-bin/browse-edgar?CIK=A&action=getcompany
APD,https://www.sec.gov/cgi-bin/browse-edgar?CIK=APD&action=getcompany
AKAM,https://www.sec.gov/cgi-bin/browse-edgar?CIK=AKAM&action=getcompany
ALK,https://www.sec.gov/cgi-bin/browse-edgar?CIK=ALK&action=getcompany
ALB,https://www.sec.gov/cgi-bin/browse-edgar?CIK=ALB&action=getcompany
ARE,https://www.sec.gov/cgi-bin/browse-edgar?CIK=ARE&action=getcompany
ALXN,https://www.sec.gov/cgi-bin/browse-edgar?CIK=ALXN&action=getcompany
ALGN,https://www.sec.gov/cgi-bin/browse-edgar?CIK=ALGN&action=getcompany
ALLE,https://www.sec.gov/cgi-bin/browse-edgar?CIK=ALLE&action=getcompany
AGN,https://www.sec.gov/cgi-bin/browse-edgar?CIK=AGN&action=getcompany
ADS,https://www.sec.gov/cgi-bin/browse-edgar?CIK=ADS&action=getcompany
LNT,https://www.sec.gov/cgi-bin/browse-edgar?CIK=LNT&action=getcompany
ALL,https://www.sec.gov/cgi-bin/browse-edgar?CIK=ALL&action=getcompany
GOOGL,https://www.sec.gov/cgi-bin/browse-edgar?CIK=GOOGL&action=getcompany
GOOG,https://www.sec.gov/cgi-bin/browse-edgar?CIK=GOOG&action=getcompany
MO,https://www.sec.gov/cgi-bin/browse-edgar?CIK=MO&action=getcompany
AMZN,https://www.sec.gov/cgi-bin/browse-edgar?CIK=AMZN&action=getcompany
AEE,https://www.sec.gov/cgi-bin/browse-edgar?CIK=AEE&action=getcompany
AAL,https://www.sec.gov/cgi-bin/browse-edgar?CIK=AAL&action=getcompany
AEP,https://www.sec.gov/cgi-bin/browse-edgar?CIK=AEP&action=getcompany
AXP,https://www.sec.gov/cgi-bin/browse-edgar?CIK=AXP&action=getcompany
AIG,https://www.sec.gov/cgi-bin/browse-edgar?CIK=AIG&action=getcompany
AMT,https://www.sec.gov/cgi-bin/browse-edgar?CIK=AMT&action=getcompany
AWK,https://www.sec.gov/cgi-bin/browse-edgar?CIK=AWK&action=getcompany
AMP,https://www.sec.gov/cgi-bin/browse-edgar?CIK=AMP&action=getcompany
ABC,https://www.sec.gov/cgi-bin/browse-edgar?CIK=ABC&action=getcompany
AME,https://www.sec.gov/cgi-bin/browse-edgar?CIK=AME&action=getcompany
AMGN,https://www.sec.gov/cgi-bin/browse-edgar?CIK=AMGN&action=getcompany
APH,https://www.sec.gov/cgi-bin/browse-edgar?CIK=APH&action=getcompany
APC,https://www.sec.gov/cgi-bin/browse-edgar?CIK=APC&action=getcompany
ADI,https://www.sec.gov/cgi-bin/browse-edgar?CIK=ADI&action=getcompany
ANDV,https://www.sec.gov/cgi-bin/browse-edgar?CIK=ANDV&action=getcompany
ANSS,https://www.sec.gov/cgi-bin/browse-edgar?CIK=ANSS&action=getcompany
ANTM,https://www.sec.gov/cgi-bin/browse-edgar?CIK=ANTM&action=getcompany
AON,https://www.sec.gov/cgi-bin/browse-edgar?CIK=AON&action=getcompany
AOS,https://www.sec.gov/cgi-bin/browse-edgar?CIK=AOS&action=getcompany
APA,https://www.sec.gov/cgi-bin/browse-edgar?CIK=APA&action=getcompany
AIV,https://www.sec.gov/cgi-bin/browse-edgar?CIK=AIV&action=getcompany
AAPL,https://www.sec.gov/cgi-bin/browse-edgar?CIK=AAPL&action=getcompany
AMAT,https://www.sec.gov/cgi-bin/browse-edgar?CIK=AMAT&action=getcompany
APTV,https://www.sec.gov/cgi-bin/browse-edgar?CIK=APTV&action=getcompany
ADM,https://www.sec.gov/cgi-bin/browse-edgar?CIK=ADM&action=getcompany
ARNC,https://www.sec.gov/cgi-bin/browse-edgar?CIK=ARNC&action=getcompany
AJG,https://www.sec.gov/cgi-bin/browse-edgar?CIK=AJG&action=getcompany
AIZ,https://www.sec.gov/cgi-bin/browse-edgar?CIK=AIZ&action=getcompany
T,https://www.sec.gov/cgi-bin/browse-edgar?CIK=T&action=getcompany
ADSK,https://www.sec.gov/cgi-bin/browse-edgar?CIK=ADSK&action=getcompany
ADP,https://www.sec.gov/cgi-bin/browse-edgar?CIK=ADP&action=getcompany
AZO,https://www.sec.gov/cgi-bin/browse-edgar?CIK=AZO&action=getcompany
AVB,https://www.sec.gov/cgi-bin/browse-edgar?CIK=AVB&action=getcompany
AVY,https://www.sec.gov/cgi-bin/browse-edgar?CIK=AVY&action=getcompany
BHGE,https://www.sec.gov/cgi-bin/browse-edgar?CIK=BHGE&action=getcompany
BLL,https://www.sec.gov/cgi-bin/browse-edgar?CIK=BLL&action=getcompany
BAC,https://www.sec.gov/cgi-bin/browse-edgar?CIK=BAC&action=getcompany
BK,https://www.sec.gov/cgi-bin/browse-edgar?CIK=BK&action=getcompany
BCR,https://www.sec.gov/cgi-bin/browse-edgar?CIK=BCR&action=getcompany
BAX,https://www.sec.gov/cgi-bin/browse-edgar?CIK=BAX&action=getcompany
BBT,https://www.sec.gov/cgi-bin/browse-edgar?CIK=BBT&action=getcompany
BDX,https://www.sec.gov/cgi-bin/browse-edgar?CIK=BDX&action=getcompany
BRK.B,https://www.sec.gov/cgi-bin/browse-edgar?CIK=BRKB&action=getcompany
BBY,https://www.sec.gov/cgi-bin/browse-edgar?CIK=BBY&action=getcompany
BIIB,https://www.sec.gov/cgi-bin/browse-edgar?CIK=BIIB&action=getcompany
BLK,https://www.sec.gov/cgi-bin/browse-edgar?CIK=BLK&action=getcompany
HRB,https://www.sec.gov/cgi-bin/browse-edgar?CIK=HRB&action=getcompany
BA,https://www.sec.gov/cgi-bin/browse-edgar?CIK=BA&action=getcompany
BWA,https://www.sec.gov/cgi-bin/browse-edgar?CIK=BWA&action=getcompany
BXP,https://www.sec.gov/cgi-bin/browse-edgar?CIK=BXP&action=getcompany
BSX,https://www.sec.gov/cgi-bin/browse-edgar?CIK=BSX&action=getcompany
BHF,https://www.sec.gov/cgi-bin/browse-edgar?CIK=BHF&action=getcompany
BMY,https://www.sec.gov/cgi-bin/browse-edgar?CIK=BMY&action=getcompany
AVGO,https://www.sec.gov/cgi-bin/browse-edgar?CIK=AVGO&action=getcompany
BF.B,https://www.sec.gov/cgi-bin/browse-edgar?CIK=BFB&action=getcompany
CHRW,https://www.sec.gov/cgi-bin/browse-edgar?CIK=CHRW&action=getcompany
CA,https://www.sec.gov/cgi-bin/browse-edgar?CIK=CA&action=getcompany
COG,https://www.sec.gov/cgi-bin/browse-edgar?CIK=COG&action=getcompany
CDNS,https://www.sec.gov/cgi-bin/browse-edgar?CIK=CDNS&action=getcompany
CPB,https://www.sec.gov/cgi-bin/browse-edgar?CIK=CPB&action=getcompany
COF,https://www.sec.gov/cgi-bin/browse-edgar?CIK=COF&action=getcompany
CAH,https://www.sec.gov/cgi-bin/browse-edgar?CIK=CAH&action=getcompany
CBOE,https://www.sec.gov/cgi-bin/browse-edgar?CIK=CBOE&action=getcompany
KMX,https://www.sec.gov/cgi-bin/browse-edgar?CIK=KMX&action=getcompany
CCL,https://www.sec.gov/cgi-bin/browse-edgar?CIK=CCL&action=getcompany
CAT,https://www.sec.gov/cgi-bin/browse-edgar?CIK=CAT&action=getcompany
CBG,https://www.sec.gov/cgi-bin/browse-edgar?CIK=CBG&action=getcompany
CBS,https://www.sec.gov/cgi-bin/browse-edgar?CIK=CBS&action=getcompany
CELG,https://www.sec.gov/cgi-bin/browse-edgar?CIK=CELG&action=getcompany
CNC,https://www.sec.gov/cgi-bin/browse-edgar?CIK=CNC&action=getcompany
CNP,https://www.sec.gov/cgi-bin/browse-edgar?CIK=CNP&action=getcompany
CTL,https://www.sec.gov/cgi-bin/browse-edgar?CIK=CTL&action=getcompany
CERN,https://www.sec.gov/cgi-bin/browse-edgar?CIK=CERN&action=getcompany
CF,https://www.sec.gov/cgi-bin/browse-edgar?CIK=CF&action=getcompany
SCHW,https://www.sec.gov/cgi-bin/browse-edgar?CIK=SCHW&action=getcompany
CHTR,https://www.sec.gov/cgi-bin/browse-edgar?CIK=CHTR&action=getcompany
CHK,https://www.sec.gov/cgi-bin/browse-edgar?CIK=CHK&action=getcompany
CVX,https://www.sec.gov/cgi-bin/browse-edgar?CIK=CVX&action=getcompany
CMG,https://www.sec.gov/cgi-bin/browse-edgar?CIK=CMG&action=getcompany
CB,https://www.sec.gov/cgi-bin/browse-edgar?CIK=CB&action=getcompany
CHD,https://www.sec.gov/cgi-bin/browse-edgar?CIK=CHD&action=getcompany
CI,https://www.sec.gov/cgi-bin/browse-edgar?CIK=CI&action=getcompany
XEC,https://www.sec.gov/cgi-bin/browse-edgar?CIK=XEC&action=getcompany
CINF,https://www.sec.gov/cgi-bin/browse-edgar?CIK=CINF&action=getcompany
CTAS,https://www.sec.gov/cgi-bin/browse-edgar?CIK=CTAS&action=getcompany
CSCO,https://www.sec.gov/cgi-bin/browse-edgar?CIK=CSCO&action=getcompany
C,https://www.sec.gov/cgi-bin/browse-edgar?CIK=C&action=getcompany
CFG,https://www.sec.gov/cgi-bin/browse-edgar?CIK=CFG&action=getcompany
CTXS,https://www.sec.gov/cgi-bin/browse-edgar?CIK=CTXS&action=getcompany
CLX,https://www.sec.gov/cgi-bin/browse-edgar?CIK=CLX&action=getcompany
CME,https://www.sec.gov/cgi-bin/browse-edgar?CIK=CME&action=getcompany
CMS,https://www.sec.gov/cgi-bin/browse-edgar?CIK=CMS&action=getcompany
KO,https://www.sec.gov/cgi-bin/browse-edgar?CIK=KO&action=getcompany
CTSH,https://www.sec.gov/cgi-bin/browse-edgar?CIK=CTSH&action=getcompany
CL,https://www.sec.gov/cgi-bin/browse-edgar?CIK=CL&action=getcompany
CMCSA,https://www.sec.gov/cgi-bin/browse-edgar?CIK=CMCSA&action=getcompany
CMA,https://www.sec.gov/cgi-bin/browse-edgar?CIK=CMA&action=getcompany
CAG,https://www.sec.gov/cgi-bin/browse-edgar?CIK=CAG&action=getcompany
CXO,https://www.sec.gov/cgi-bin/browse-edgar?CIK=CXO&action=getcompany
COP,https://www.sec.gov/cgi-bin/browse-edgar?CIK=COP&action=getcompany
ED,https://www.sec.gov/cgi-bin/browse-edgar?CIK=ED&action=getcompany
STZ,https://www.sec.gov/cgi-bin/browse-edgar?CIK=STZ&action=getcompany
COO,https://www.sec.gov/cgi-bin/browse-edgar?CIK=COO&action=getcompany
GLW,https://www.sec.gov/cgi-bin/browse-edgar?CIK=GLW&action=getcompany
COST,https://www.sec.gov/cgi-bin/browse-edgar?CIK=COST&action=getcompany
COTY,https://www.sec.gov/cgi-bin/browse-edgar?CIK=COTY&action=getcompany
CCI,https://www.sec.gov/cgi-bin/browse-edgar?CIK=CCI&action=getcompany
CSRA,https://www.sec.gov/cgi-bin/browse-edgar?CIK=CSRA&action=getcompany
CSX,https://www.sec.gov/cgi-bin/browse-edgar?CIK=CSX&action=getcompany
CMI,https://www.sec.gov/cgi-bin/browse-edgar?CIK=CMI&action=getcompany
CVS,https://www.sec.gov/cgi-bin/browse-edgar?CIK=CVS&action=getcompany
DHI,https://www.sec.gov/cgi-bin/browse-edgar?CIK=DHI&action=getcompany
DHR,https://www.sec.gov/cgi-bin/browse-edgar?CIK=DHR&action=getcompany
DRI,https://www.sec.gov/cgi-bin/browse-edgar?CIK=DRI&action=getcompany
DVA,https://www.sec.gov/cgi-bin/browse-edgar?CIK=DVA&action=getcompany
DE,https://www.sec.gov/cgi-bin/browse-edgar?CIK=DE&action=getcompany
DAL,https://www.sec.gov/cgi-bin/browse-edgar?CIK=DAL&action=getcompany
XRAY,https://www.sec.gov/cgi-bin/browse-edgar?CIK=XRAY&action=getcompany
DVN,https://www.sec.gov/cgi-bin/browse-edgar?CIK=DVN&action=getcompany
DLR,https://www.sec.gov/cgi-bin/browse-edgar?CIK=DLR&action=getcompany
DFS,https://www.sec.gov/cgi-bin/browse-edgar?CIK=DFS&action=getcompany
DISCA,https://www.sec.gov/cgi-bin/browse-edgar?CIK=DISCA&action=getcompany
DISCK,https://www.sec.gov/cgi-bin/browse-edgar?CIK=DISCK&action=getcompany
DISH,https://www.sec.gov/cgi-bin/browse-edgar?CIK=DISH&action=getcompany
DG,https://www.sec.gov/cgi-bin/browse-edgar?CIK=DG&action=getcompany
DLTR,https://www.sec.gov/cgi-bin/browse-edgar?CIK=DLTR&action=getcompany
D,https://www.sec.gov/cgi-bin/browse-edgar?CIK=D&action=getcompany
DOV,https://www.sec.gov/cgi-bin/browse-edgar?CIK=DOV&action=getcompany
DWDP,https://www.sec.gov/cgi-bin/browse-edgar?CIK=0001666700&action=getcompany
DPS,https://www.sec.gov/cgi-bin/browse-edgar?CIK=DPS&action=getcompany
DTE,https://www.sec.gov/cgi-bin/browse-edgar?CIK=DTE&action=getcompany
DRE,https://www.sec.gov/cgi-bin/browse-edgar?CIK=DRE&action=getcompany
DUK,https://www.sec.gov/cgi-bin/browse-edgar?CIK=DUK&action=getcompany
DXC,https://www.sec.gov/cgi-bin/browse-edgar?CIK=DXC&action=getcompany
ETFC,https://www.sec.gov/cgi-bin/browse-edgar?CIK=ETFC&action=getcompany
EMN,https://www.sec.gov/cgi-bin/browse-edgar?CIK=EMN&action=getcompany
ETN,https://www.sec.gov/cgi-bin/browse-edgar?CIK=ETN&action=getcompany
EBAY,https://www.sec.gov/cgi-bin/browse-edgar?CIK=EBAY&action=getcompany
ECL,https://www.sec.gov/cgi-bin/browse-edgar?CIK=ECL&action=getcompany
EIX,https://www.sec.gov/cgi-bin/browse-edgar?CIK=EIX&action=getcompany
EW,https://www.sec.gov/cgi-bin/browse-edgar?CIK=EW&action=getcompany
EA,https://www.sec.gov/cgi-bin/browse-edgar?CIK=EA&action=getcompany
EMR,https://www.sec.gov/cgi-bin/browse-edgar?CIK=EMR&action=getcompany
ETR,https://www.sec.gov/cgi-bin/browse-edgar?CIK=ETR&action=getcompany
EVHC,https://www.sec.gov/cgi-bin/browse-edgar?CIK=EVHC&action=getcompany
EOG,https://www.sec.gov/cgi-bin/browse-edgar?CIK=EOG&action=getcompany
EQT,https://www.sec.gov/cgi-bin/browse-edgar?CIK=EQT&action=getcompany
EFX,https://www.sec.gov/cgi-bin/browse-edgar?CIK=EFX&action=getcompany
EQIX,https://www.sec.gov/cgi-bin/browse-edgar?CIK=EQIX&action=getcompany
EQR,https://www.sec.gov/cgi-bin/browse-edgar?CIK=EQR&action=getcompany
ESS,https://www.sec.gov/cgi-bin/browse-edgar?CIK=ESS&action=getcompany
EL,https://www.sec.gov/cgi-bin/browse-edgar?CIK=EL&action=getcompany
ES,https://www.sec.gov/cgi-bin/browse-edgar?CIK=NU&action=getcompany
RE,https://www.sec.gov/cgi-bin/browse-edgar?CIK=RE&action=getcompany
EXC,https://www.sec.gov/cgi-bin/browse-edgar?CIK=EXC&action=getcompany
EXPE,https://www.sec.gov/cgi-bin/browse-edgar?CIK=EXPE&action=getcompany
EXPD,https://www.sec.gov/cgi-bin/browse-edgar?CIK=EXPD&action=getcompany
ESRX,https://www.sec.gov/cgi-bin/browse-edgar?CIK=ESRX&action=getcompany
EXR,https://www.sec.gov/cgi-bin/browse-edgar?CIK=EXR&action=getcompany
XOM,https://www.sec.gov/cgi-bin/browse-edgar?CIK=XOM&action=getcompany
FFIV,https://www.sec.gov/cgi-bin/browse-edgar?CIK=FFIV&action=getcompany
FB,https://www.sec.gov/cgi-bin/browse-edgar?company=Facebook&owner=exclude&action=getcompany
FAST,https://www.sec.gov/cgi-bin/browse-edgar?CIK=FAST&action=getcompany
FRT,https://www.sec.gov/cgi-bin/browse-edgar?CIK=FRT&action=getcompany
FDX,https://www.sec.gov/cgi-bin/browse-edgar?CIK=FDX&action=getcompany
FIS,https://www.sec.gov/cgi-bin/browse-edgar?CIK=FIS&action=getcompany
FITB,https://www.sec.gov/cgi-bin/browse-edgar?CIK=FITB&action=getcompany
FE,https://www.sec.gov/cgi-bin/browse-edgar?CIK=FE&action=getcompany
FISV,https://www.sec.gov/cgi-bin/browse-edgar?CIK=FISV&action=getcompany
FLIR,https://www.sec.gov/cgi-bin/browse-edgar?CIK=FLIR&action=getcompany
FLS,https://www.sec.gov/cgi-bin/browse-edgar?CIK=FLS&action=getcompany
FLR,https://www.sec.gov/cgi-bin/browse-edgar?CIK=FLR&action=getcompany
FMC,https://www.sec.gov/cgi-bin/browse-edgar?CIK=FMC&action=getcompany
FL,https://www.sec.gov/cgi-bin/browse-edgar?CIK=FL&action=getcompany
F,https://www.sec.gov/cgi-bin/browse-edgar?CIK=F&action=getcompany
FTV,https://www.sec.gov/cgi-bin/browse-edgar?CIK=FTV&action=getcompany
FBHS,https://www.sec.gov/cgi-bin/browse-edgar?CIK=FBHS&action=getcompany
BEN,https://www.sec.gov/cgi-bin/browse-edgar?CIK=BEN&action=getcompany
FCX,https://www.sec.gov/cgi-bin/browse-edgar?CIK=FCX&action=getcompany
GPS,https://www.sec.gov/cgi-bin/browse-edgar?CIK=GPS&action=getcompany
GRMN,https://www.sec.gov/cgi-bin/browse-edgar?CIK=GRMN&action=getcompany
IT,https://www.sec.gov/cgi-bin/browse-edgar?CIK=IT&action=getcompany
GD,https://www.sec.gov/cgi-bin/browse-edgar?CIK=GD&action=getcompany
GE,https://www.sec.gov/cgi-bin/browse-edgar?CIK=GE&action=getcompany
GGP,https://www.sec.gov/cgi-bin/browse-edgar?CIK=GGP&action=getcompany
GIS,https://www.sec.gov/cgi-bin/browse-edgar?CIK=GIS&action=getcompany
GM,https://www.sec.gov/cgi-bin/browse-edgar?CIK=GM&action=getcompany
GPC,https://www.sec.gov/cgi-bin/browse-edgar?CIK=GPC&action=getcompany
GILD,https://www.sec.gov/cgi-bin/browse-edgar?CIK=GILD&action=getcompany
GPN,https://www.sec.gov/cgi-bin/browse-edgar?CIK=GPN&action=getcompany
GS,https://www.sec.gov/cgi-bin/browse-edgar?CIK=GS&action=getcompany
GT,https://www.sec.gov/cgi-bin/browse-edgar?CIK=GT&action=getcompany
GWW,https://www.sec.gov/cgi-bin/browse-edgar?CIK=GWW&action=getcompany
HAL,https://www.sec.gov/cgi-bin/browse-edgar?CIK=HAL&action=getcompany
HBI,https://www.sec.gov/cgi-bin/browse-edgar?CIK=HBI&action=getcompany
HOG,https://www.sec.gov/cgi-bin/browse-edgar?CIK=HOG&action=getcompany
HRS,https://www.sec.gov/cgi-bin/browse-edgar?CIK=HRS&action=getcompany
HIG,https://www.sec.gov/cgi-bin/browse-edgar?CIK=HIG&action=getcompany
HAS,https://www.sec.gov/cgi-bin/browse-edgar?CIK=HAS&action=getcompany
HCA,https://www.sec.gov/cgi-bin/browse-edgar?CIK=HCA&action=getcompany
HCP,https://www.sec.gov/cgi-bin/browse-edgar?CIK=HCP&action=getcompany
HP,https://www.sec.gov/cgi-bin/browse-edgar?CIK=HP&action=getcompany
HSIC,https://www.sec.gov/cgi-bin/browse-edgar?CIK=HSIC&action=getcompany
HSY,https://www.sec.gov/cgi-bin/browse-edgar?CIK=HSY&action=getcompany
HES,https://www.sec.gov/cgi-bin/browse-edgar?CIK=HES&action=getcompany
HPE,https://www.sec.gov/cgi-bin/browse-edgar?CIK=HPE&action=getcompany
HLT,https://www.sec.gov/cgi-bin/browse-edgar?CIK=HLT&action=getcompany
HOLX,https://www.sec.gov/cgi-bin/browse-edgar?CIK=HOLX&action=getcompany
HD,https://www.sec.gov/cgi-bin/browse-edgar?CIK=HD&action=getcompany
HON,https://www.sec.gov/cgi-bin/browse-edgar?CIK=HON&action=getcompany
HRL,https://www.sec.gov/cgi-bin/browse-edgar?CIK=HRL&action=getcompany
HST,https://www.sec.gov/cgi-bin/browse-edgar?CIK=HST&action=getcompany
HPQ,https://www.sec.gov/cgi-bin/browse-edgar?CIK=HPQ&action=getcompany
HUM,https://www.sec.gov/cgi-bin/browse-edgar?CIK=HUM&action=getcompany
HBAN,https://www.sec.gov/cgi-bin/browse-edgar?CIK=HBAN&action=getcompany
IDXX,https://www.sec.gov/cgi-bin/browse-edgar?CIK=IDXX&action=getcompany
INFO,https://www.sec.gov/cgi-bin/browse-edgar?CIK=INFO&action=getcompany
ITW,https://www.sec.gov/cgi-bin/browse-edgar?CIK=ITW&action=getcompany
ILMN,https://www.sec.gov/cgi-bin/browse-edgar?CIK=ILMN&action=getcompany
IR,https://www.sec.gov/cgi-bin/browse-edgar?CIK=IR&action=getcompany
INTC,https://www.sec.gov/cgi-bin/browse-edgar?CIK=INTC&action=getcompany
ICE,https://www.sec.gov/cgi-bin/browse-edgar?CIK=ICE&action=getcompany
IBM,https://www.sec.gov/cgi-bin/browse-edgar?CIK=IBM&action=getcompany
INCY,https://www.sec.gov/cgi-bin/browse-edgar?CIK=INCY&action=getcompany
IP,https://www.sec.gov/cgi-bin/browse-edgar?CIK=IP&action=getcompany
IPG,https://www.sec.gov/cgi-bin/browse-edgar?CIK=IPG&action=getcompany
IFF,https://www.sec.gov/cgi-bin/browse-edgar?CIK=IFF&action=getcompany
INTU,https://www.sec.gov/cgi-bin/browse-edgar?CIK=INTU&action=getcompany
ISRG,https://www.sec.gov/cgi-bin/browse-edgar?CIK=ISRG&action=getcompany
IVZ,https://www.sec.gov/cgi-bin/browse-edgar?CIK=IVZ&action=getcompany
IQV,https://www.sec.gov/cgi-bin/browse-edgar?CIK=Q&action=getcompany
IRM,https://www.sec.gov/cgi-bin/browse-edgar?CIK=IRM&action=getcompany
JEC,https://www.sec.gov/cgi-bin/browse-edgar?CIK=JEC&action=getcompany
JBHT,https://www.sec.gov/cgi-bin/browse-edgar?CIK=JBHT&action=getcompany
SJM,https://www.sec.gov/cgi-bin/browse-edgar?CIK=SJM&action=getcompany
JNJ,https://www.sec.gov/cgi-bin/browse-edgar?CIK=JNJ&action=getcompany
JCI,https://www.sec.gov/cgi-bin/browse-edgar?CIK=JCI&action=getcompany
JPM,https://www.sec.gov/cgi-bin/browse-edgar?CIK=JPM&action=getcompany
JNPR,https://www.sec.gov/cgi-bin/browse-edgar?CIK=JNPR&action=getcompany
KSU,https://www.sec.gov/cgi-bin/browse-edgar?CIK=KSU&action=getcompany
K,https://www.sec.gov/cgi-bin/browse-edgar?CIK=K&action=getcompany
KEY,https://www.sec.gov/cgi-bin/browse-edgar?CIK=KEY&action=getcompany
KMB,https://www.sec.gov/cgi-bin/browse-edgar?CIK=KMB&action=getcompany
KIM,https://www.sec.gov/cgi-bin/browse-edgar?CIK=KIM&action=getcompany
KMI,https://www.sec.gov/cgi-bin/browse-edgar?CIK=KMI&action=getcompany
KLAC,https://www.sec.gov/cgi-bin/browse-edgar?CIK=KLAC&action=getcompany
KSS,https://www.sec.gov/cgi-bin/browse-edgar?CIK=KSS&action=getcompany
KHC,https://www.sec.gov/cgi-bin/browse-edgar?CIK=KHC&owner=exclude&action=getcompany
KR,https://www.sec.gov/cgi-bin/browse-edgar?CIK=KR&action=getcompany
LB,https://www.sec.gov/cgi-bin/browse-edgar?CIK=LB&action=getcompany
LLL,https://www.sec.gov/cgi-bin/browse-edgar?CIK=LLL&action=getcompany
LH,https://www.sec.gov/cgi-bin/browse-edgar?CIK=LH&action=getcompany
LRCX,https://www.sec.gov/cgi-bin/browse-edgar?CIK=LRCX&action=getcompany
LEG,https://www.sec.gov/cgi-bin/browse-edgar?CIK=LEG&action=getcompany
LEN,https://www.sec.gov/cgi-bin/browse-edgar?CIK=LEN&action=getcompany
LUK,https://www.sec.gov/cgi-bin/browse-edgar?CIK=LUK&action=getcompany
LLY,https://www.sec.gov/cgi-bin/browse-edgar?CIK=LLY&action=getcompany
LNC,https://www.sec.gov/cgi-bin/browse-edgar?CIK=LNC&action=getcompany
LKQ,https://www.sec.gov/cgi-bin/browse-edgar?CIK=LKQ&action=getcompany
LMT,https://www.sec.gov/cgi-bin/browse-edgar?CIK=LMT&action=getcompany
L,https://www.sec.gov/cgi-bin/browse-edgar?CIK=L&action=getcompany
LOW,https://www.sec.gov/cgi-bin/browse-edgar?CIK=LOW&action=getcompany
LYB,https://www.sec.gov/cgi-bin/browse-edgar?CIK=LYB&action=getcompany
MTB,https://www.sec.gov/cgi-bin/browse-edgar?CIK=MTB&action=getcompany
MAC,https://www.sec.gov/cgi-bin/browse-edgar?CIK=MAC&action=getcompany
M,https://www.sec.gov/cgi-bin/browse-edgar?CIK=M&action=getcompany
MRO,https://www.sec.gov/cgi-bin/browse-edgar?CIK=MRO&action=getcompany
MPC,https://www.sec.gov/cgi-bin/browse-edgar?CIK=MPC&action=getcompany
MAR,https://www.sec.gov/cgi-bin/browse-edgar?CIK=MAR&action=getcompany
MMC,https://www.sec.gov/cgi-bin/browse-edgar?CIK=MMC&action=getcompany
MLM,https://www.sec.gov/cgi-bin/browse-edgar?CIK=MLM&action=getcompany
MAS,https://www.sec.gov/cgi-bin/browse-edgar?CIK=MAS&action=getcompany
MA,https://www.sec.gov/cgi-bin/browse-edgar?CIK=MA&action=getcompany
MAT,https://www.sec.gov/cgi-bin/browse-edgar?CIK=MAT&action=getcompany
MKC,https://www.sec.gov/cgi-bin/browse-edgar?CIK=MKC&action=getcompany
MCD,https://www.sec.gov/cgi-bin/browse-edgar?CIK=MCD&action=getcompany
MCK,https://www.sec.gov/cgi-bin/browse-edgar?CIK=MCK&action=getcompany
MDT,https://www.sec.gov/cgi-bin/browse-edgar?CIK=MDT&action=getcompany
MRK,https://www.sec.gov/cgi-bin/browse-edgar?CIK=MRK&action=getcompany
MET,https://www.sec.gov/cgi-bin/browse-edgar?CIK=MET&action=getcompany
MTD,https://www.sec.gov/cgi-bin/browse-edgar?CIK=MTD&action=getcompany
MGM,https://www.sec.gov/cgi-bin/browse-edgar?CIK=MGM&action=getcompany
KORS,https://www.sec.gov/cgi-bin/browse-edgar?CIK=KORS&action=getcompany
MCHP,https://www.sec.gov/cgi-bin/browse-edgar?CIK=MCHP&action=getcompany
MU,https://www.sec.gov/cgi-bin/browse-edgar?CIK=MU&action=getcompany
MSFT,https://www.sec.gov/cgi-bin/browse-edgar?CIK=MSFT&action=getcompany
MAA,https://www.sec.gov/cgi-bin/browse-edgar?CIK=MAA&action=getcompany
MHK,https://www.sec.gov/cgi-bin/browse-edgar?CIK=MHK&action=getcompany
TAP,https://www.sec.gov/cgi-bin/browse-edgar?CIK=TAP&action=getcompany
MDLZ,https://www.sec.gov/cgi-bin/browse-edgar?company=Mondelez&action=getcompany
MON,https://www.sec.gov/cgi-bin/browse-edgar?CIK=MON&action=getcompany
MNST,https://www.sec.gov/cgi-bin/browse-edgar?CIK=MNST&action=getcompany
MCO,https://www.sec.gov/cgi-bin/browse-edgar?CIK=MCO&action=getcompany
MS,https://www.sec.gov/cgi-bin/browse-edgar?CIK=MS&action=getcompany
MOS,https://www.sec.gov/cgi-bin/browse-edgar?CIK=MOS&action=getcompany
MSI,https://www.sec.gov/cgi-bin/browse-edgar?CIK=MSI&action=getcompany
MYL,https://www.sec.gov/cgi-bin/browse-edgar?CIK=MYL&action=getcompany
NDAQ,https://www.sec.gov/cgi-bin/browse-edgar?CIK=NDAQ&action=getcompany
NOV,https://www.sec.gov/cgi-bin/browse-edgar?CIK=NOV&action=getcompany
NAVI,https://www.sec.gov/cgi-bin/browse-edgar?CIK=NAVI&action=getcompany
NTAP,https://www.sec.gov/cgi-bin/browse-edgar?CIK=NTAP&action=getcompany
NFLX,https://www.sec.gov/cgi-bin/browse-edgar?CIK=NFLX&action=getcompany
NWL,https://www.sec.gov/cgi-bin/browse-edgar?CIK=NWL&action=getcompany
NFX,https://www.sec.gov/cgi-bin/browse-edgar?CIK=NFX&action=getcompany
NEM,https://www.sec.gov/cgi-bin/browse-edgar?CIK=NEM&action=getcompany
NWSA,https://www.sec.gov/cgi-bin/browse-edgar?CIK=NWSA&action=getcompany
NWS,https://www.sec.gov/cgi-bin/browse-edgar?CIK=NWSA&action=getcompany
NEE,https://www.sec.gov/cgi-bin/browse-edgar?CIK=NEE&action=getcompany
NLSN,https://www.sec.gov/cgi-bin/browse-edgar?CIK=NLSN&action=getcompany
NKE,https://www.sec.gov/cgi-bin/browse-edgar?CIK=NKE&action=getcompany
NI,https://www.sec.gov/cgi-bin/browse-edgar?CIK=NI&action=getcompany
NBL,https://www.sec.gov/cgi-bin/browse-edgar?CIK=NBL&action=getcompany
JWN,https://www.sec.gov/cgi-bin/browse-edgar?CIK=JWN&action=getcompany
NSC,https://www.sec.gov/cgi-bin/browse-edgar?CIK=NSC&action=getcompany
NTRS,https://www.sec.gov/cgi-bin/browse-edgar?CIK=NTRS&action=getcompany
NOC,https://www.sec.gov/cgi-bin/browse-edgar?CIK=NOC&action=getcompany
NCLH,https://www.sec.gov/cgi-bin/browse-edgar?CIK=NCLH&action=getcompany
NRG,https://www.sec.gov/cgi-bin/browse-edgar?CIK=NRG&action=getcompany
NUE,https://www.sec.gov/cgi-bin/browse-edgar?CIK=NUE&action=getcompany
NVDA,https://www.sec.gov/cgi-bin/browse-edgar?CIK=NVDA&action=getcompany
ORLY,https://www.sec.gov/cgi-bin/browse-edgar?CIK=ORLY&action=getcompany
OXY,https://www.sec.gov/cgi-bin/browse-edgar?CIK=OXY&action=getcompany
OMC,https://www.sec.gov/cgi-bin/browse-edgar?CIK=OMC&action=getcompany
OKE,https://www.sec.gov/cgi-bin/browse-edgar?CIK=OKE&action=getcompany
ORCL,https://www.sec.gov/cgi-bin/browse-edgar?CIK=ORCL&action=getcompany
PCAR,https://www.sec.gov/cgi-bin/browse-edgar?CIK=PCAR&action=getcompany
PKG,https://www.sec.gov/cgi-bin/browse-edgar?CIK=PKG&action=getcompany
PH,https://www.sec.gov/cgi-bin/browse-edgar?CIK=PH&action=getcompany
PDCO,https://www.sec.gov/cgi-bin/browse-edgar?CIK=PDCO&action=getcompany
PAYX,https://www.sec.gov/cgi-bin/browse-edgar?CIK=PAYX&action=getcompany
PYPL,https://www.sec.gov/cgi-bin/browse-edgar?CIK=PYPL&action=getcompany
PNR,https://www.sec.gov/cgi-bin/browse-edgar?CIK=PNR&action=getcompany
PBCT,https://www.sec.gov/cgi-bin/browse-edgar?CIK=PBCT&action=getcompany
PEP,https://www.sec.gov/cgi-bin/browse-edgar?CIK=PEP&action=getcompany
PKI,https://www.sec.gov/cgi-bin/browse-edgar?CIK=PKI&action=getcompany
PRGO,https://www.sec.gov/cgi-bin/browse-edgar?CIK=PRGO&action=getcompany
PFE,https://www.sec.gov/cgi-bin/browse-edgar?CIK=PFE&action=getcompany
PCG,https://www.sec.gov/cgi-bin/browse-edgar?CIK=PCG&action=getcompany
PM,https://www.sec.gov/cgi-bin/browse-edgar?CIK=PM&action=getcompany
PSX,https://www.sec.gov/cgi-bin/browse-edgar?CIK=PSX&action=getcompany
PNW,https://www.sec.gov/cgi-bin/browse-edgar?CIK=PNW&action=getcompany
PXD,https://www.sec.gov/cgi-bin/browse-edgar?CIK=PXD&action=getcompany
PNC,https://www.sec.gov/cgi-bin/browse-edgar?CIK=PNC&action=getcompany
RL,https://www.sec.gov/cgi-bin/browse-edgar?CIK=RL&action=getcompany
PPG,https://www.sec.gov/cgi-bin/browse-edgar?CIK=PPG&action=getcompany
PPL,https://www.sec.gov/cgi-bin/browse-edgar?CIK=PPL&action=getcompany
PX,https://www.sec.gov/cgi-bin/browse-edgar?CIK=PX&action=getcompany
PCLN,https://www.sec.gov/cgi-bin/browse-edgar?CIK=PCLN&action=getcompany
PFG,https://www.sec.gov/cgi-bin/browse-edgar?CIK=PFG&action=getcompany
PG,https://www.sec.gov/cgi-bin/browse-edgar?CIK=PG&action=getcompany
PGR,https://www.sec.gov/cgi-bin/browse-edgar?CIK=PGR&action=getcompany
PLD,https://www.sec.gov/cgi-bin/browse-edgar?CIK=PLD&action=getcompany
PRU,https://www.sec.gov/cgi-bin/browse-edgar?CIK=PRU&action=getcompany
PEG,https://www.sec.gov/cgi-bin/browse-edgar?CIK=PEG&action=getcompany
PSA,https://www.sec.gov/cgi-bin/browse-edgar?CIK=PSA&action=getcompany
PHM,https://www.sec.gov/cgi-bin/browse-edgar?CIK=PHM&action=getcompany
PVH,https://www.sec.gov/cgi-bin/browse-edgar?CIK=PVH&action=getcompany
QRVO,https://www.sec.gov/cgi-bin/browse-edgar?CIK=QRVO&action=getcompany
PWR,https://www.sec.gov/cgi-bin/browse-edgar?CIK=PWR&action=getcompany
QCOM,https://www.sec.gov/cgi-bin/browse-edgar?CIK=QCOM&action=getcompany
DGX,https://www.sec.gov/cgi-bin/browse-edgar?CIK=DGX&action=getcompany
RRC,https://www.sec.gov/cgi-bin/browse-edgar?CIK=RRC&action=getcompany
RJF,https://www.sec.gov/cgi-bin/browse-edgar?CIK=RJF&action=getcompany
RTN,https://www.sec.gov/cgi-bin/browse-edgar?CIK=RTN&action=getcompany
O,https://www.sec.gov/cgi-bin/browse-edgar?CIK=O&action=getcompany
RHT,https://www.sec.gov/cgi-bin/browse-edgar?CIK=RHT&action=getcompany
REG,https://www.sec.gov/cgi-bin/browse-edgar?CIK=REG&action=getcompany
REGN,https://www.sec.gov/cgi-bin/browse-edgar?CIK=REGN&action=getcompany
RF,https://www.sec.gov/cgi-bin/browse-edgar?CIK=RF&action=getcompany
RSG,https://www.sec.gov/cgi-bin/browse-edgar?CIK=RSG&action=getcompany
RMD,https://www.sec.gov/cgi-bin/browse-edgar?CIK=RMD&action=getcompany
RHI,https://www.sec.gov/cgi-bin/browse-edgar?CIK=RHI&action=getcompany
ROK,https://www.sec.gov/cgi-bin/browse-edgar?CIK=ROK&action=getcompany
COL,https://www.sec.gov/cgi-bin/browse-edgar?CIK=COL&action=getcompany
ROP,https://www.sec.gov/cgi-bin/browse-edgar?CIK=ROP&action=getcompany
ROST,https://www.sec.gov/cgi-bin/browse-edgar?CIK=ROST&action=getcompany
RCL,https://www.sec.gov/cgi-bin/browse-edgar?CIK=RCL&action=getcompany
CRM,https://www.sec.gov/cgi-bin/browse-edgar?CIK=CRM&action=getcompany
SBAC,https://www.sec.gov/cgi-bin/browse-edgar?CIK=SBAC&action=getcompany
SCG,https://www.sec.gov/cgi-bin/browse-edgar?CIK=SCG&action=getcompany
SLB,https://www.sec.gov/cgi-bin/browse-edgar?CIK=SLB&action=getcompany
SNI,https://www.sec.gov/cgi-bin/browse-edgar?CIK=SNI&action=getcompany
STX,https://www.sec.gov/cgi-bin/browse-edgar?CIK=STX&action=getcompany
SEE,https://www.sec.gov/cgi-bin/browse-edgar?CIK=SEE&action=getcompany
SRE,https://www.sec.gov/cgi-bin/browse-edgar?CIK=SRE&action=getcompany
SHW,https://www.sec.gov/cgi-bin/browse-edgar?CIK=SHW&action=getcompany
SIG,https://www.sec.gov/cgi-bin/browse-edgar?CIK=SIG&action=getcompany
SPG,https://www.sec.gov/cgi-bin/browse-edgar?CIK=SPG&action=getcompany
SWKS,https://www.sec.gov/cgi-bin/browse-edgar?CIK=SWKS&action=getcompany
SLG,https://www.sec.gov/cgi-bin/browse-edgar?SLG=NBR&action=getcompany
SNA,https://www.sec.gov/cgi-bin/browse-edgar?CIK=SNA&action=getcompany
SO,https://www.sec.gov/cgi-bin/browse-edgar?CIK=SO&action=getcompany
LUV,https://www.sec.gov/cgi-bin/browse-edgar?CIK=LUV&action=getcompany
SPGI,https://www.sec.gov/cgi-bin/browse-edgar?CIK=SPGI&action=getcompany
SWK,https://www.sec.gov/cgi-bin/browse-edgar?CIK=SWK&action=getcompany
SBUX,https://www.sec.gov/cgi-bin/browse-edgar?CIK=SBUX&action=getcompany
STT,https://www.sec.gov/cgi-bin/browse-edgar?CIK=STT&action=getcompany
SRCL,https://www.sec.gov/cgi-bin/browse-edgar?CIK=SRCL&action=getcompany
SYK,https://www.sec.gov/cgi-bin/browse-edgar?CIK=SYK&action=getcompany
STI,https://www.sec.gov/cgi-bin/browse-edgar?CIK=STI&action=getcompany
SYMC,https://www.sec.gov/cgi-bin/browse-edgar?CIK=SYMC&action=getcompany
SYF,https://www.sec.gov/cgi-bin/browse-edgar?CIK=SYF&action=getcompany
SNPS,https://www.sec.gov/cgi-bin/browse-edgar?CIK=SNPS&action=getcompany
SYY,https://www.sec.gov/cgi-bin/browse-edgar?CIK=SYY&action=getcompany
TROW,https://www.sec.gov/cgi-bin/browse-edgar?CIK=TROW&action=getcompany
TPR,https://www.sec.gov/cgi-bin/browse-edgar?CIK=TPR&action=getcompany
TGT,https://www.sec.gov/cgi-bin/browse-edgar?CIK=TGT&action=getcompany
TEL,https://www.sec.gov/cgi-bin/browse-edgar?CIK=TEL&action=getcompany
FTI,https://www.sec.gov/cgi-bin/browse-edgar?CIK=FTI&action=getcompany
TXN,https://www.sec.gov/cgi-bin/browse-edgar?CIK=TXN&action=getcompany
TXT,https://www.sec.gov/cgi-bin/browse-edgar?CIK=TXT&action=getcompany
TMO,https://www.sec.gov/cgi-bin/browse-edgar?CIK=TMO&action=getcompany
TIF,https://www.sec.gov/cgi-bin/browse-edgar?CIK=TIF&action=getcompany
TWX,https://www.sec.gov/cgi-bin/browse-edgar?CIK=TWX&action=getcompany
TJX,https://www.sec.gov/cgi-bin/browse-edgar?CIK=TJX&action=getcompany
TMK,https://www.sec.gov/cgi-bin/browse-edgar?CIK=TMK&action=getcompany
TSS,https://www.sec.gov/cgi-bin/browse-edgar?CIK=TSS&action=getcompany
TSCO,https://www.sec.gov/cgi-bin/browse-edgar?CIK=TSCO&action=getcompany
TDG,https://www.sec.gov/cgi-bin/browse-edgar?CIK=TDG&action=getcompany
TRV,https://www.sec.gov/cgi-bin/browse-edgar?CIK=TRV&action=getcompany
TRIP,https://www.sec.gov/cgi-bin/browse-edgar?CIK=TRIP&action=getcompany
FOXA,https://www.sec.gov/cgi-bin/browse-edgar?CIK=FOXA&action=getcompany
FOX,https://www.sec.gov/cgi-bin/browse-edgar?CIK=FOXA&action=getcompany
TSN,https://www.sec.gov/cgi-bin/browse-edgar?CIK=TSN&action=getcompany
UDR,https://www.sec.gov/cgi-bin/browse-edgar?CIK=UDR&action=getcompany
ULTA,https://www.sec.gov/cgi-bin/browse-edgar?CIK=ULTA&action=getcompany
USB,https://www.sec.gov/cgi-bin/browse-edgar?CIK=USB&action=getcompany
UA,https://www.sec.gov/cgi-bin/browse-edgar?CIK=UA&action=getcompany
UAA,https://www.sec.gov/cgi-bin/browse-edgar?CIK=UA&action=getcompany
UNP,https://www.sec.gov/cgi-bin/browse-edgar?CIK=UNP&action=getcompany
UAL,https://www.sec.gov/cgi-bin/browse-edgar?CIK=UAL&action=getcompany
UNH,https://www.sec.gov/cgi-bin/browse-edgar?CIK=UNH&action=getcompany
UPS,https://www.sec.gov/cgi-bin/browse-edgar?CIK=UPS&action=getcompany
URI,https://www.sec.gov/cgi-bin/browse-edgar?CIK=URI&action=getcompany
UTX,https://www.sec.gov/cgi-bin/browse-edgar?CIK=UTX&action=getcompany
UHS,https://www.sec.gov/cgi-bin/browse-edgar?CIK=UHS&action=getcompany
UNM,https://www.sec.gov/cgi-bin/browse-edgar?CIK=UNM&action=getcompany
VFC,https://www.sec.gov/cgi-bin/browse-edgar?CIK=VFC&action=getcompany
VLO,https://www.sec.gov/cgi-bin/browse-edgar?CIK=VLO&action=getcompany
VAR,https://www.sec.gov/cgi-bin/browse-edgar?CIK=VAR&action=getcompany
VTR,https://www.sec.gov/cgi-bin/browse-edgar?CIK=VTR&action=getcompany
VRSN,https://www.sec.gov/cgi-bin/browse-edgar?CIK=VRSN&action=getcompany
VRSK,https://www.sec.gov/cgi-bin/browse-edgar?CIK=VRSK&action=getcompany
VZ,https://www.sec.gov/cgi-bin/browse-edgar?CIK=VZ&action=getcompany
VRTX,https://www.sec.gov/cgi-bin/browse-edgar?CIK=VRTX&action=getcompany
VIAB,https://www.sec.gov/cgi-bin/browse-edgar?CIK=VIAB&action=getcompany
V,https://www.sec.gov/cgi-bin/browse-edgar?CIK=V&action=getcompany
VNO,https://www.sec.gov/cgi-bin/browse-edgar?CIK=VNO&action=getcompany
VMC,https://www.sec.gov/cgi-bin/browse-edgar?CIK=VMC&action=getcompany
WMT,https://www.sec.gov/cgi-bin/browse-edgar?CIK=WMT&action=getcompany
WBA,https://www.sec.gov/cgi-bin/browse-edgar?CIK=WBA&action=getcompany
DIS,https://www.sec.gov/cgi-bin/browse-edgar?CIK=DIS&action=getcompany
WM,https://www.sec.gov/cgi-bin/browse-edgar?CIK=WM&action=getcompany
WAT,https://www.sec.gov/cgi-bin/browse-edgar?CIK=WAT&action=getcompany
WEC,https://www.sec.gov/cgi-bin/browse-edgar?CIK=WEC&action=getcompany
WFC,https://www.sec.gov/cgi-bin/browse-edgar?CIK=WFC&action=getcompany
HCN,https://www.sec.gov/cgi-bin/browse-edgar?CIK=HCN&action=getcompany
WDC,https://www.sec.gov/cgi-bin/browse-edgar?CIK=WDC&action=getcompany
WU,https://www.sec.gov/cgi-bin/browse-edgar?CIK=WU&action=getcompany
WRK,https://www.sec.gov/cgi-bin/browse-edgar?CIK=WRK&action=getcompany
WY,https://www.sec.gov/cgi-bin/browse-edgar?CIK=WY&action=getcompany
WHR,https://www.sec.gov/cgi-bin/browse-edgar?CIK=WHR&action=getcompany
WMB,https://www.sec.gov/cgi-bin/browse-edgar?CIK=WMB&action=getcompany
WLTW,https://www.sec.gov/cgi-bin/browse-edgar?CIK=WLTW&action=getcompany
WYN,https://www.sec.gov/cgi-bin/browse-edgar?CIK=WYN&action=getcompany
WYNN,https://www.sec.gov/cgi-bin/browse-edgar?CIK=WYNN&action=getcompany
XEL,https://www.sec.gov/cgi-bin/browse-edgar?CIK=XEL&action=getcompany
XRX,https://www.sec.gov/cgi-bin/browse-edgar?CIK=XRX&action=getcompany
XLNX,https://www.sec.gov/cgi-bin/browse-edgar?CIK=XLNX&action=getcompany
XL,https://www.sec.gov/cgi-bin/browse-edgar?CIK=XL&action=getcompany
XYL,https://www.sec.gov/cgi-bin/browse-edgar?CIK=XYL&action=getcompany
YUM,https://www.sec.gov/cgi-bin/browse-edgar?CIK=YUM&action=getcompany
ZBH,https://www.sec.gov/cgi-bin/browse-edgar?CIK=ZBH&action=getcompany
ZION,https://www.sec.gov/cgi-bin/browse-edgar?CIK=ZION&action=getcompany
ZTS,https://www.sec.gov/cgi-bin/browse-edgar?CIK=ZTS&action=getcompany
